﻿<?xml version="1.0" encoding="utf-8"?>

<Deployment xmlns="http://schemas.microsoft.com/windowsphone/2009/deployment" AppPlatformVersion="7.0">
  <App xmlns="" ProductID="{585ec9d4-acb6-4d62-8f00-b2805b6ea983}" Title="FlashCards.Show" RuntimeType="Silverlight" Version="1.0.0.0" Genre="apps.normal"  Author="FlashCards.UI.Phone author" Description="Sample description" Publisher="FlashCards.UI.Phone">
    <IconPath IsRelative="true" IsResource="false">FlashCardAppIcon.png</IconPath>
    <Capabilities>
      <Capability Name="ID_CAP_GAMERSERVICES"/>
      <Capability Name="ID_CAP_IDENTITY_DEVICE"/>
      <Capability Name="ID_CAP_IDENTITY_USER"/>
      <Capability Name="ID_CAP_LOCATION"/>
      <Capability Name="ID_CAP_MEDIALIB"/>
      <Capability Name="ID_CAP_MICROPHONE"/>
      <Capability Name="ID_CAP_NETWORKING"/>
      <Capability Name="ID_CAP_PHONEDIALER"/>
      <Capability Name="ID_CAP_PUSH_NOTIFICATION"/>
      <Capability Name="ID_CAP_SENSORS"/>
      <Capability Name="ID_CAP_WEBBROWSERCOMPONENT"/>
    </Capabilities>
    <Tasks>
      <DefaultTask  Name ="_default" NavigationPage="Views/DownloadPage.xaml"/>
    </Tasks>
    <Tokens>
      <PrimaryToken TokenID="FlashCards.UI.PhoneToken" TaskName="_default">
        <TemplateType5>
          <BackgroundImageURI IsRelative="true" IsResource="false">FlashCardStartIcon.png</BackgroundImageURI>
          <Count>0</Count>
          <Title>FlashCards.Show</Title>
        </TemplateType5>
      </PrimaryToken>
    </Tokens>
  </App>
</Deployment>
