<OutOfBrowserSettings ShortName="FlashCards.UI.SL Application" EnableGPUAcceleration="False" ShowInstallMenuItem="False">
  <OutOfBrowserSettings.Blurb>FlashCards.UI.SL Application on your desktop; at home, at work or on the go.</OutOfBrowserSettings.Blurb>
  <OutOfBrowserSettings.WindowSettings>
    <WindowSettings Title="FlashCards.UI.SL Application" />
  </OutOfBrowserSettings.WindowSettings>
  <OutOfBrowserSettings.SecuritySettings>
    <SecuritySettings ElevatedPermissions="Required" />
  </OutOfBrowserSettings.SecuritySettings>
  <OutOfBrowserSettings.Icons />
</OutOfBrowserSettings>